State Abbreviation,State Name,Total Fires,Circleness Threshold,Count Circular Flagged Fires,Proportion Circular
AL,Alabama,2698,>=0.98,1,0
AK,Alaska,4257,>=0.98,6,0.001
AZ,Arizona,4822,>=0.98,100,0.021
AR,Arkansas,3356,>=0.98,705,0.21
CA,California,27511,>=0.98,4027,0.146
CO,Colorado,2876,>=0.98,14,0.005
FL,Florida,6295,>=0.98,406,0.064
GA,Georgia,1732,>=0.98,128,0.074
HI,Hawaii,120,>=0.98,60,0.5
ID,Idaho,11077,>=0.98,34,0.003
IL,Illinois,887,>=0.98,444,0.501
IN,Indiana,660,>=0.98,6,0.009
IA,Iowa,135,>=0.98,3,0.022
KY,Kentucky,990,>=0.98,22,0.022
MI,Michigan,1670,>=0.98,413,0.247
MS,Mississippi,1758,>=0.98,2,0.001
MO,Missouri,2041,>=0.98,26,0.013
MT,Montana,6903,>=0.98,76,0.011
NE,Nebraska,821,>=0.98,303,0.369
NV,Nevada,4193,>=0.98,6,0.001
NH,New Hampshire,146,>=0.98,1,0.007
NJ,New Jersey,163,>=0.98,18,0.11
NM,New Mexico,5964,>=0.98,2673,0.448
NY,New York,384,>=0.98,2,0.005
NC,North Carolina,1418,>=0.98,23,0.016
ND,North Dakota,798,>=0.98,55,0.069
OK,Oklahoma,1522,>=0.98,6,0.004
OR,Oregon,16157,>=0.98,2174,0.135
PA,Pennsylvania,444,>=0.98,110,0.248
SD,South Dakota,1626,>=0.98,263,0.162
TX,Texas,3763,>=0.98,6,0.002
UT,Utah,3296,>=0.98,14,0.004
VA,Virginia,1807,>=0.98,409,0.226
WA,Washington,3097,>=0.98,67,0.022
WV,West Virginia,858,>=0.98,68,0.079
WI,Wisconsin,362,>=0.98,1,0.003
WY,Wyoming,2849,>=0.98,132,0.046
