State Abbreviation,State Name,Total Fires,Count Wildfire and Prescribed Fire Flag,Proportion Wild and Prescribed
AL,Alabama,2698,75,0.028
AK,Alaska,4257,190,0.045
AZ,Arizona,4822,174,0.036
AR,Arkansas,3356,71,0.021
CA,California,27511,175,0.006
CO,Colorado,2876,88,0.031
FL,Florida,6295,247,0.039
GA,Georgia,1732,9,0.005
ID,Idaho,11077,78,0.007
IN,Indiana,660,6,0.009
IA,Iowa,135,1,0.007
KS,Kansas,1325,40,0.03
KY,Kentucky,990,13,0.013
LA,Louisiana,1117,41,0.037
MD,Maryland,80,8,0.1
MI,Michigan,1670,3,0.002
MN,Minnesota,1423,8,0.006
MS,Mississippi,1758,71,0.04
MO,Missouri,2041,43,0.021
MT,Montana,6903,40,0.006
NE,Nebraska,821,9,0.011
NV,Nevada,4193,18,0.004
NJ,New Jersey,163,2,0.012
NM,New Mexico,5964,66,0.011
NC,North Carolina,1418,18,0.013
ND,North Dakota,798,11,0.014
OK,Oklahoma,1522,62,0.041
OR,Oregon,16157,88,0.005
SC,South Carolina,1133,22,0.019
SD,South Dakota,1626,20,0.012
TN,Tennessee,934,9,0.01
TX,Texas,3763,64,0.017
UT,Utah,3296,33,0.01
VA,Virginia,1807,14,0.008
WA,Washington,3097,30,0.01
WI,Wisconsin,362,1,0.003
WY,Wyoming,2849,21,0.007
