﻿<?xml version="1.0" encoding="utf-8"?>
<metadata>
  <idinfo>
    <citation>
      <citeinfo>
        <origin>Justin L. Welty</origin>
        <origin>Michelle I. Jeffries</origin>
        <pubdate>202109</pubdate>
        <title>Combined wildfire datasets for the United States and certain territories, 1800s-Present (summary rasters)</title>
        <edition>1.0.0</edition>
        <geoform>raster digital data</geoform>
        <onlink>https://doi.org/10.5066/P9ZXGFY3</onlink>
      </citeinfo>
    </citation>
    <descript>
      <abstract>First, we would like to thank the wildland fire advisory group. Their wisdom and guidance helped us build the dataset as it currently exists. Currently, there are multiple, freely available wildland fire datasets that identify wildfire and prescribed fire areas across the United States. However, these datasets are all limited in some way. Time periods, spatial extents, attributes, and maintenance for these datasets are highly variable, and none of the existing datasets provide a comprehensive picture of wildfires that have burned since the 1800s. Utilizing a series of both manual processes and ArcGIS Python (arcpy) scripts, we merged 40 of these disparate datasets into a single dataset that encompasses the known wildfires within the United States from the 1800s to the present. These datasets were ranked by order of observed quality, and overlapping polygons in the same year were used individually or dissolved together with other polygons based on ranked quality (see individual steps in the polygon metadata for full details). The fire polygons were turned into 30 meter rasters representing various summary counts: (a) count of all wildland fires that burned a pixel, (b) count of wildfires that burned a pixel, (c) the first year a wildfire burned a pixel, (d) the most recent year a wildfire burned a pixel, and (e) count of prescribed fires that burned a pixel.</abstract>
      <purpose>The purpose of these rasters is to generate basic summary wildland fire data based off of the combined wildand fire dataset. These rasters represent summary data for the known and spatially explicit fire boundaries. They contain all the errors that were in the original fire datasets that made it into the combined fire dataset and any new errors that were introduced in processing the wildland fire dataset. </purpose>
      <supplinf>This data release includes the most up to date wildfire information through 2020. We anticipate, but cannot guarantee that this wildfire dataset will be updated yearly as new wildfire information becomes available.</supplinf>
    </descript>
    <timeperd>
      <timeinfo>
        <rngdates>
          <begdate>1835</begdate>
          <enddate>2020</enddate>
        </rngdates>
      </timeinfo>
      <current>ground condition</current>
    </timeperd>
    <status>
      <progress>In work</progress>
      <update>Annually</update>
    </status>
    <spdom>
      <descgeog>Contiguous United States</descgeog>
      <bounding>
        <westbc>-178.9453</westbc>
        <eastbc>-63.0232</eastbc>
        <northbc>71.3008</northbc>
        <southbc>15.9613</southbc>
      </bounding>
    </spdom>
    <keywords>
      <theme>
        <themekt>ISO 19115 Topic Category</themekt>
        <themekey>environment</themekey>
      </theme>
      <theme>
        <themekt>None</themekt>
        <themekey>wildfire</themekey>
        <themekey>fire</themekey>
        <themekey>burned area</themekey>
        <themekey>raster</themekey>
        <themekey>number of times burned</themekey>
        <themekey>first year burned</themekey>
        <themekey>most recent year burned</themekey>
        <themekey>prescribed fire</themekey>
      </theme>
      <theme>
        <themekt>USGS Thesaurus</themekt>
        <themekey>fires</themekey>
        <themekey>geospatial datasets</themekey>
      </theme>
      <place>
        <placekt>Common geographic areas</placekt>
        <placekey>North America</placekey>
        <placekey>United States</placekey>
      </place>
    </keywords>
    <accconst>Public domain data from the U.S. Government are freely redistributable with proper metadata and source attribution. The U.S. Geological Survey requests to be acknowledged as originator of these data in future products or derivative research. Please see 'Distribution Info' for details.</accconst>
    <useconst>None.  Users need to read the dataset's metadata thoroughly to understand appropriate use and data limitations. If there are any concerns, errors, or omissions in regard to this dataset, users should contact the data authors to gain additional information or to fix any existing errors in the data.</useconst>
    <ptcontac>
      <cntinfo>
        <cntperp>
          <cntper>FRESC Science Data Coordinator</cntper>
          <cntorg>U.S. Geological Survey, Forest and Rangeland Ecosystem Science Center</cntorg>
        </cntperp>
        <cntaddr>
          <addrtype>mailing and physical</addrtype>
          <address>777 NW 9th Street, Suite 400</address>
          <city>Corvallis</city>
          <state>OR</state>
          <postal>97330</postal>
          <country>United States of America</country>
        </cntaddr>
        <cntvoice>(541) 750-1030</cntvoice>
        <cntemail>fresc_outreach@usgs.gov</cntemail>
      </cntinfo>
    </ptcontac>
  </idinfo>
  <dataqual>
    <attracc>
      <attraccr>These datasets were obtained from 40 different wildland fire datasets, each with their own limitations in accuracy in both time and space. We are relying on the original dataset attributes for accuracy. We cannot know, for example, whether the fire occurred in the year stated in the attributes or whether it was a different year.  Whether derived by satellite imagery, created through the use of GPS points, or hand drawn on a topographic map, no wildfire perimeter is 100% accurate. In addition, not all fires were reported, especially older fires and smaller fires; thus fires reported in any year, especially those years before 1980, underestimate the actual number of fires. We intended to merge and dissolve different polygons that represent the same fire in different source datasets to create a single boundary for the wildfire. However, this dissolving process can result in the fire polygon with the least amount of detail contributing the most to the boundary of one fire. Instead of dissolving all fire polygons together regardless of dataset quality, our system broke the fires into 8 Tiers that were processed individually. By processing this data set in a tiered fashion (1-8) we hoped to improve accuracy of the polygons as each subsequent tier had fire polygons that intersected in space and fire year from the previous tiers removed before being processed. The goal was to improve the accuracy of the fire polygon. Whether this worsens or improves the actual fire boundary is unknown, because, as we stated before, no fire polygon is 100% accurate to begin with.  The raster boundaries should be assumed to be the approximate area burned. These rasters represent the first year burned, most recent year burned, and the count of fires (all, wildfire, and prescribed) based on the data in the dataset itself. It is impossible know how many fires were missed, mis-attributed (a wildfire being labeled a prescribed fire or vice versa) or mapped improperly. The raster boundaries should be assumed to be the approximate area burned. These rasters represent the first year burned, most recent year burned, and the count of fires based on the data in the dataset. It is impossible know how many fires were missed, mapped improperly, or attributed incorrectly.</attraccr>
    </attracc>
    <logic>This dataset was designed to eliminate duplicate wildfire boundaries. All internal checks suggest we have merged the fire data correctly. Year ranges fall within expected ranges as do dates. We cannot say with 100% confidence that all boundaries within this dataset are properly attributed as wildfires or prescribed fires. We flagged fires where identical areas were burned in consecutive years. These could either be errors in the dataset or prescribed fire areas that are burned year after year. Users will have to have knowledge of their local area when determining whether this dataset accurately represents the area burned in the fire. Summary raster layers were checked to ensure that they match up to the polygon values to which they correspond. While we know the fire year of major fires is correct, there are thousands of smaller fires for which no record exists other than their inclusion in one of the original datasets. It is impossible for us to confirm all fire years in this dataset are accurate.</logic>
    <complete>We did our best to remove all wildfires without a Year Burned attribute, a year range, or an estimated year.  We assumed that an area of land could not burn more than once in the same year. While extremely rare, burning twice in one year has been known to occur especially when a prescribed fire occurs in the spring and a wildfire burns through in the summer. However, even if an area did burn twice in the same year, for our purposes, we counted this as one burn. We assumed any fires that burned in the same year within 500m of each other were the same fire. This may not always be the case. While we would not lose the fire boundary itself, the fire attributes of these neighboring fires will be merged in to one record. Both of these assumptions will lower the count of actual fires, but should not affect the acreage.  To be included in the combined dataset, the fire data had to have a list year that was not a range or an estimated year. Burned areas using carbon dating or other estimated years are included in the merged dataset, but were excluded from the combined dataset.

Wildfire_Notice
Wildfire mapping prior to 1984 was inconsistent, infrequent, and done without the aid of more modern fire mapping methods (GPS and satellite imagery). Areas burned prior to 1984 in this dataset represent only a fraction of what actually burned. While areas burned on or after 1984 are much more accurate and complete, errors still can and do occur. This dataset represents the most complete set of digitized polygon fire data available to the public that we, the authors, were able to collect. It is not a complete collection of all wildfires burned during the time period it represents. 

Prescribed_Burn_Notice
Prescribed fire data in this dataset represents only a fraction of the area burned in prescribed burns across all years due to lack of reporting, particularly on private lands. The missing prescribed burn data becomes more pronounced further back in time, particularly in the southeastern U.S.; however, errors and omissions still occur through the most recent years in this dataset. This dataset represents the most complete set of digitized polygon fire data available to the public that we, the authors, were able to collect. It is not a complete collection of all prescribed burns burned during the time period it represents. 
</complete>
    <posacc>
      <horizpa>
        <horizpar>The horizontal accuracy is based on the inputs used to calculate this merged dataset. No fire perimeter is 100% accurate, however, and the fire perimeters in this dataset represent the approximate locations of the burned area.  </horizpar>
      </horizpa>
      <vertacc>
        <vertaccr>Not applicable</vertaccr>
      </vertacc>
    </posacc>
    <lineage>
      <srcinfo>
        <srccite>
          <citeinfo>
            <origin>National Interagency Fire Center</origin>
            <pubdate>20200331</pubdate>
            <title>National Interagency Fire Center Wildfires 780-2020</title>
            <geoform>vector digital data</geoform>
            <othercit>Michelle Jeffries downloaded this on 20210604
Emily Harbo sent us the link: High (rigorous QC), perhaps gathered 4-5/2021, combines:
WFDSS fire history 
Alaska fire history
USDA FS Regional Fire History Data
BLM Fire Planning and Fuels
National Park Service
Fish and Wildlife Service
Bureau of Indian Affairs
CalFire FRAS</othercit>
            <onlink>https://data-nifc.opendata.arcgis.com/datasets/interagency-fire-perimeter-history-all-years/explore?location=36.772800%2C57.912950%2C3.70</onlink>
          </citeinfo>
        </srccite>
        <typesrc>Digital and/or Hardcopy</typesrc>
        <srctime>
          <timeinfo>
            <rngdates>
              <begdate>0780</begdate>
              <enddate>2020</enddate>
            </rngdates>
          </timeinfo>
          <srccurr>publication date</srccurr>
        </srctime>
        <srccitea>NIFC Interagency Fire Perimeter</srccitea>
        <srccontr>One of the wildfire datasets used to create this dataset. This dataset was the only dataset in Tier 1.</srccontr>
      </srcinfo>
      <srcinfo>
        <srccite>
          <citeinfo>
            <origin>Monitoring Trends in Burn Severity</origin>
            <pubdate>2021</pubdate>
            <title>Monitoring Trends in Burn Severity Wild and Prescribed Fires 1984-2019</title>
            <geoform>vector digital data</geoform>
            <othercit>Michelle Jeffries downloaded the data on 20210604</othercit>
            <onlink>https://www.mtbs.gov/direct-download</onlink>
          </citeinfo>
        </srccite>
        <typesrc>Digital and/or Hardcopy</typesrc>
        <srctime>
          <timeinfo>
            <rngdates>
              <begdate>1984</begdate>
              <enddate>2019</enddate>
            </rngdates>
          </timeinfo>
          <srccurr>publication date</srccurr>
        </srctime>
        <srccitea>MTBS</srccitea>
        <srccontr>One of the wildfire datasets used to create this dataset. Wildfires from this dataset were the one and only dataset in Tier 2 while prescribed fires were the one and only dataset in Tier 6, the first tier of prescribed fires.</srccontr>
      </srcinfo>
      <srcinfo>
        <srccite>
          <citeinfo>
            <origin>Bureau of Land Management</origin>
            <pubdate>2021</pubdate>
            <title>Bureau of Land Management Wildfire Perimeters</title>
            <geoform>vector digital data</geoform>
            <othercit>Michelle Jeffries downloaded on 20210607</othercit>
            <onlink>https://gis.blm.gov/EGISDownload/LayerPackages/BLM_National_Fire_Perimeters.zip</onlink>
          </citeinfo>
        </srccite>
        <typesrc>Digital and/or Hardcopy</typesrc>
        <srctime>
          <timeinfo>
            <rngdates>
              <begdate>1878</begdate>
              <enddate>2020</enddate>
            </rngdates>
          </timeinfo>
          <srccurr>publication date</srccurr>
        </srctime>
        <srccitea>BLM Wildfires</srccitea>
        <srccontr>One of the wildfire datasets used to create this dataset. Wildfires from this dataset were used in Tier 3.</srccontr>
      </srcinfo>
      <srcinfo>
        <srccite>
          <citeinfo>
            <origin>GeoMac</origin>
            <pubdate>2020</pubdate>
            <title>GeoMac Wildfires 2020</title>
            <geoform>vector digital data</geoform>
            <othercit>Michelle Jeffries downloaded on 20210607</othercit>
            <onlink>https://rmgsc.cr.usgs.gov/outgoing/GeoMAC/current_year_fire_data/current_year_all_states/</onlink>
          </citeinfo>
        </srccite>
        <typesrc>Digital and/or Hardcopy</typesrc>
        <srctime>
          <timeinfo>
            <sngdate>
              <caldate>2020</caldate>
            </sngdate>
          </timeinfo>
          <srccurr>publication date</srccurr>
        </srctime>
        <srccitea>GeoMac 2020</srccitea>
        <srccontr>One of the wildfire datasets used to create this dataset. Wildfires from this dataset were used in Tier 3.</srccontr>
      </srcinfo>
      <srcinfo>
        <srccite>
          <citeinfo>
            <origin>GeoMac</origin>
            <pubdate>2020</pubdate>
            <title>GeoMac Historic Wildfires 2000-2019</title>
            <geoform>vector digital data</geoform>
            <othercit>Michelle Jeffries downloaded on 20210607</othercit>
            <onlink>https://rmgsc.cr.usgs.gov/outgoing/GeoMAC/historic_fire_data/</onlink>
          </citeinfo>
        </srccite>
        <typesrc>Digital and/or Hardcopy</typesrc>
        <srctime>
          <timeinfo>
            <rngdates>
              <begdate>2000</begdate>
              <enddate>2019</enddate>
            </rngdates>
          </timeinfo>
          <srccurr>publication date</srccurr>
        </srctime>
        <srccitea>GeoMac Historic Perimeters</srccitea>
        <srccontr>One of the wildfire datasets used to create this dataset. Wildfires from this dataset were used in Tier 3.</srccontr>
      </srcinfo>
      <srcinfo>
        <srccite>
          <citeinfo>
            <origin>National Interagency Fire Center</origin>
            <pubdate>2021</pubdate>
            <title>National Interagency Fire Center Public - National Incident Feature Services 2020</title>
            <geoform>vector digital data</geoform>
            <othercit>Michelle Jeffries downloaded the data on 20210604</othercit>
            <onlink>https://services3.arcgis.com/T4QMspbfLg3qTGWY/arcgis/rest/services/Public_Wildfire_Perimeters_View/FeatureServer/0/query?outFields=*&amp;where=1%3D1</onlink>
          </citeinfo>
        </srccite>
        <typesrc>Digital and/or Hardcopy</typesrc>
        <srctime>
          <timeinfo>
            <sngdate>
              <caldate>2020</caldate>
            </sngdate>
          </timeinfo>
          <srccurr>publication date</srccurr>
        </srctime>
        <srccitea>NIFC Public NIFS</srccitea>
        <srccontr>One of the wildfire datasets used to create this dataset. Wildfires from this dataset were used in Tier 3.</srccontr>
      </srcinfo>
      <srcinfo>
        <srccite>
          <citeinfo>
            <origin>National Interagency Fire Center</origin>
            <pubdate>2021</pubdate>
            <title>National Interagency Fire Center Wildland Perimeters 2018-2020</title>
            <geoform>vector digital data</geoform>
            <othercit>Michelle Jeffries downloaded the data on 20210604</othercit>
            <onlink>https://data-nifc.opendata.arcgis.com/datasets/wfigs-wildland-fire-perimeters-full-history/explore?location=0.000000%2C0.000000%2C0.00</onlink>
          </citeinfo>
        </srccite>
        <typesrc>Digital and/or Hardcopy</typesrc>
        <srctime>
          <timeinfo>
            <rngdates>
              <begdate>2018</begdate>
              <enddate>2020</enddate>
            </rngdates>
          </timeinfo>
          <srccurr>observed</srccurr>
        </srctime>
        <srccitea>NIFC Wildland Perimeters</srccitea>
        <srccontr>One of the wildfire datasets used to create this dataset. Wildfires from this dataset were used in Tier 3.</srccontr>
      </srcinfo>
      <srcinfo>
        <srccite>
          <citeinfo>
            <origin>National Park Service</origin>
            <pubdate>2021</pubdate>
            <title>National Park Service Wildland Fires 1881-2019</title>
            <geoform>vector digital data</geoform>
            <othercit>Justin Welty downloaded on 20210616</othercit>
            <onlink>http://mapservices.nps.gov/arcgis/rest/services/WildlandFire/WildlandFire/FeatureServer</onlink>
          </citeinfo>
        </srccite>
        <typesrc>Digital and/or Hardcopy</typesrc>
        <srctime>
          <timeinfo>
            <rngdates>
              <begdate>1881</begdate>
              <enddate>2019</enddate>
            </rngdates>
          </timeinfo>
          <srccurr>publication date</srccurr>
        </srctime>
        <srccitea>NPS Wildland Fires</srccitea>
        <srccontr>One of the wildfire datasets used to create this dataset. Wildfires from this dataset were used in Tier 3.</srccontr>
      </srcinfo>
      <srcinfo>
        <srccite>
          <citeinfo>
            <origin>United States Forest Service</origin>
            <pubdate>2021</pubdate>
            <title>United States Forest Service Wildfire Perimeters 1878-2021</title>
            <geoform>vector digital data</geoform>
            <othercit>Michelle Jeffries downloaded the data on 20210607</othercit>
            <onlink>https://catalog.data.gov/dataset/national-usfs-final-fire-perimeter-feature-layer-eb876</onlink>
          </citeinfo>
        </srccite>
        <typesrc>Digital and/or Hardcopy</typesrc>
        <srctime>
          <timeinfo>
            <rngdates>
              <begdate>1878</begdate>
              <enddate>2021</enddate>
            </rngdates>
          </timeinfo>
          <srccurr>publication date</srccurr>
        </srctime>
        <srccitea>USFS Wildfires</srccitea>
        <srccontr>One of the wildfire datasets used to create this dataset. Wildfires from this dataset were used in Tier 3.</srccontr>
      </srcinfo>
      <srcinfo>
        <srccite>
          <citeinfo>
            <origin>United States Forest Service</origin>
            <pubdate>20210330</pubdate>
            <title>United States Forest Service Southwest Region Fire Perimeters 2013-2018</title>
            <geoform>vector digital data</geoform>
            <othercit>Michelle Jeffries downloaded the data on 20210607</othercit>
            <onlink>https://www.fs.usda.gov/detail/r3/landmanagement/gis/?cid=stelprdb5201889</onlink>
          </citeinfo>
        </srccite>
        <typesrc>Digital and/or Hardcopy</typesrc>
        <srctime>
          <timeinfo>
            <rngdates>
              <begdate>2013</begdate>
              <enddate>2018</enddate>
            </rngdates>
          </timeinfo>
          <srccurr>publication date</srccurr>
        </srctime>
        <srccitea>USFS Southwest Region Fires</srccitea>
        <srccontr>One of the wildfire datasets used to create this dataset. Wildfires from this dataset were used in Tier 3.</srccontr>
      </srcinfo>
      <srcinfo>
        <srccite>
          <citeinfo>
            <origin>United States Forest Service</origin>
            <pubdate>20030601</pubdate>
            <title>United States Northern Rockies Region Fire Perimeters 1889-2003</title>
            <geoform>vector digital data</geoform>
            <othercit>Justin Welty download on 20200430</othercit>
            <onlink>https://www.fs.usda.gov/detailfull/r1/landmanagement/gis/?cid=fsp5_030970</onlink>
          </citeinfo>
        </srccite>
        <typesrc>Digital and/or Hardcopy</typesrc>
        <srctime>
          <timeinfo>
            <rngdates>
              <begdate>1889</begdate>
              <enddate>2003</enddate>
            </rngdates>
          </timeinfo>
          <srccurr>publication date</srccurr>
        </srctime>
        <srccitea>USFS Northern Rockies Region Fires</srccitea>
        <srccontr>One of the wildfire datasets used to create this dataset. Wildfires from this dataset were used in Tier 3.</srccontr>
      </srcinfo>
      <srcinfo>
        <srccite>
          <citeinfo>
            <origin>Wildland Fire Decision Support System</origin>
            <pubdate>2021</pubdate>
            <title>National Interagency Fire Center Wildland Fire Decision Support System Interagency Fire Perimeters 1835-2019</title>
            <geoform>vector digital data</geoform>
            <othercit>Justin Welty downloaded on 20210616</othercit>
            <onlink>https://nifc.maps.arcgis.com/home/item.html?id=7a1bd4435df74820813314b87597713a</onlink>
          </citeinfo>
        </srccite>
        <typesrc>Digital and/or Hardcopy</typesrc>
        <srctime>
          <timeinfo>
            <rngdates>
              <begdate>1835</begdate>
              <enddate>2019</enddate>
            </rngdates>
          </timeinfo>
          <srccurr>publication date</srccurr>
        </srctime>
        <srccitea>WFDSS Interagency Fire Perimeters</srccitea>
        <srccontr>One of the wildfire datasets used to create this dataset. Wildfires from this dataset were used in Tier 3.</srccontr>
      </srcinfo>
      <srcinfo>
        <srccite>
          <citeinfo>
            <origin>State of Alaska</origin>
            <pubdate>2021</pubdate>
            <title>Alaska Fire Perimeters </title>
            <geoform>vector digital data</geoform>
            <othercit>Michelle Jeffries downloaded on 7/13/2021</othercit>
            <onlink>https://blm-egis.maps.arcgis.com/apps/MapSeries/index.html?appid=32ec4f34fb234ce58df6b1222a207ef1</onlink>
          </citeinfo>
        </srccite>
        <typesrc>Digital and/or Hardcopy</typesrc>
        <srctime>
          <timeinfo>
            <rngdates>
              <begdate>1940</begdate>
              <enddate>2020</enddate>
            </rngdates>
          </timeinfo>
          <srccurr>publication date</srccurr>
        </srctime>
        <srccitea>Alaska Fire Perimeters 1940-2020</srccitea>
        <srccontr>One of the wildfire datasets used to create this dataset. Wildfires from this dataset were used in Tier 3.</srccontr>
      </srcinfo>
      <srcinfo>
        <srccite>
          <citeinfo>
            <origin>Bureau of Land Management</origin>
            <pubdate>20210101</pubdate>
            <title>Nevada Bureau of Land Management Fire Perimeters 1910-2020</title>
            <geoform>vector digital data</geoform>
            <othercit>Michelle Jeffries downloaded 6/7/2021</othercit>
            <onlink>https://catalog.data.gov/dataset/blm-nv-wildland-fire-perimeters-final-perimeter-polygons-a7114</onlink>
          </citeinfo>
        </srccite>
        <typesrc>Digital and/or Hardcopy</typesrc>
        <srctime>
          <timeinfo>
            <rngdates>
              <begdate>1910</begdate>
              <enddate>2020</enddate>
            </rngdates>
          </timeinfo>
          <srccurr>publication date</srccurr>
        </srctime>
        <srccitea>Nevada BLM Fire Perimeters</srccitea>
        <srccontr>One of the wildfire datasets used to create this dataset. Wildfires from this dataset were used in Tier 3.</srccontr>
      </srcinfo>
      <srcinfo>
        <srccite>
          <citeinfo>
            <origin>Bureau of Land Management</origin>
            <pubdate>20210524</pubdate>
            <title>Oregon Bureau of Land Management Fire Perimeters 1900-2020</title>
            <geoform>vector digital data</geoform>
            <othercit>Michelle Jeffries downloaded on 6/7/2021</othercit>
            <onlink>https://navigator.blm.gov/data?id=ae8fe69ea1c7dfc7</onlink>
          </citeinfo>
        </srccite>
        <typesrc>Digital and/or Hardcopy</typesrc>
        <srctime>
          <timeinfo>
            <rngdates>
              <begdate>1900</begdate>
              <enddate>2020</enddate>
            </rngdates>
          </timeinfo>
          <srccurr>publication date</srccurr>
        </srctime>
        <srccitea>Oregon BLM Fire Perimeters</srccitea>
        <srccontr>One of the wildfire datasets used to create this dataset. Wildfires from this dataset were used in Tier 3.</srccontr>
      </srcinfo>
      <srcinfo>
        <srccite>
          <citeinfo>
            <origin>State of California</origin>
            <pubdate>202104</pubdate>
            <title>California Fire Perimeters 1878-2020</title>
            <geoform>vector digital data</geoform>
            <othercit>Michelle Jeffries downloaded on 6/7/2021</othercit>
            <onlink>https://frap.fire.ca.gov/mapping/gis-data/</onlink>
          </citeinfo>
        </srccite>
        <typesrc>Digital and/or Hardcopy</typesrc>
        <srctime>
          <timeinfo>
            <rngdates>
              <begdate>1878</begdate>
              <enddate>2020</enddate>
            </rngdates>
          </timeinfo>
          <srccurr>publication date</srccurr>
        </srctime>
        <srccitea>California Fire Perimeters</srccitea>
        <srccontr>One of the wildfire datasets used to create this dataset. Wildfires from this dataset were used in Tier 3.</srccontr>
      </srcinfo>
      <srcinfo>
        <srccite>
          <citeinfo>
            <origin>State of Utah</origin>
            <pubdate>2019</pubdate>
            <title>Utah Fire Perimeters 1976-2019</title>
            <geoform>vector digital data</geoform>
            <othercit>Justin Welty downloaded on 20200520. This link is no longer active and we cannot find a new link to the data.</othercit>
            <onlink>https://catalog.data.gov/dataset/blm-utah-fire-perimeter-fper-final-polygons </onlink>
          </citeinfo>
        </srccite>
        <typesrc>Digital and/or Hardcopy</typesrc>
        <srctime>
          <timeinfo>
            <rngdates>
              <begdate>1976</begdate>
              <enddate>2019</enddate>
            </rngdates>
          </timeinfo>
          <srccurr>publication date</srccurr>
        </srctime>
        <srccitea>Utah Fire Perimeters</srccitea>
        <srccontr>One of the wildfire datasets used to create this dataset. Wildfires from this dataset were used in Tier 3.</srccontr>
      </srcinfo>
      <srcinfo>
        <srccite>
          <citeinfo>
            <origin>State of Washington</origin>
            <pubdate>20210503</pubdate>
            <title>Washington State Large Fires 1973-2020</title>
            <geoform>vector digital data</geoform>
            <othercit>Michelle Jeffries downloaded on 6/7/2021</othercit>
            <onlink>https://data-wadnr.opendata.arcgis.com/datasets/6f31b076628d4f8ca5a964cbefd2cccc_0/explore?location=47.354550%2C-120.225150%2C7.86</onlink>
          </citeinfo>
        </srccite>
        <typesrc>Digital and/or Hardcopy</typesrc>
        <srctime>
          <timeinfo>
            <rngdates>
              <begdate>1973</begdate>
              <enddate>2020</enddate>
            </rngdates>
          </timeinfo>
          <srccurr>publication date</srccurr>
        </srctime>
        <srccitea>Washington State Large Fires</srccitea>
        <srccontr>One of the wildfire datasets used to create this dataset. Wildfires from this dataset were used in Tier 3.</srccontr>
      </srcinfo>
      <srcinfo>
        <srccite>
          <citeinfo>
            <origin>H.M. Suter</origin>
            <pubdate>20130701</pubdate>
            <title>New York Adirondack Wildfire Complex 1903</title>
            <geoform>vector digital data</geoform>
            <othercit>This report and map were acquired by Susan Kemp, USGS, on 20210621 and digitized by Elizabeth Macdougal, USGS, a week later. The pub date for the link is July 1, 2017, but the original report was actually written in 1904.</othercit>
            <onlink>https://archive.org/details/forestfiresinadi26sute/page/n3/mode/2up</onlink>
          </citeinfo>
        </srccite>
        <typesrc>Digital and/or Hardcopy</typesrc>
        <srctime>
          <timeinfo>
            <sngdate>
              <caldate>1903</caldate>
            </sngdate>
          </timeinfo>
          <srccurr>publication date</srccurr>
        </srctime>
        <srccitea>New York Adirondack 1903 Wildfire Complex</srccitea>
        <srccontr>One of the wildfire datasets used to create this dataset. Wildfires from this dataset were used in Tier 3.</srccontr>
      </srcinfo>
      <srcinfo>
        <srccite>
          <citeinfo>
            <origin>Bureau of Land Management</origin>
            <pubdate>20200611</pubdate>
            <title>Idaho Bureau of Land Management 2020 Fires</title>
            <geoform>vector digital data</geoform>
            <othercit>Michelle Jeffries downloaded on 6/7/2021</othercit>
            <onlink>https://archive.org/details/forestfiresinadi26sute/page/n3/mode/2up</onlink>
          </citeinfo>
        </srccite>
        <typesrc>Digital and/or Hardcopy</typesrc>
        <srctime>
          <timeinfo>
            <sngdate>
              <caldate>2020</caldate>
            </sngdate>
          </timeinfo>
          <srccurr>publication date</srccurr>
        </srctime>
        <srccitea>Idaho BLM 2020 Fires</srccitea>
        <srccontr>One of the wildfire datasets used to create this dataset. Wildfires from this dataset were used in Tier 3.</srccontr>
      </srcinfo>
      <srcinfo>
        <srccite>
          <citeinfo>
            <origin>Bureau of Land Management</origin>
            <pubdate>20200409</pubdate>
            <title>Idaho Bureau of Land Management Historic Fires 1878-2019</title>
            <geoform>vector digital data</geoform>
            <othercit>Michelle Jeffries downloaded on 6/7/2021</othercit>
            <onlink>https://catalog.data.gov/dataset/fire-perimeters-historic-polygon</onlink>
          </citeinfo>
        </srccite>
        <typesrc>Digital and/or Hardcopy</typesrc>
        <srctime>
          <timeinfo>
            <rngdates>
              <begdate>1878</begdate>
              <enddate>2019</enddate>
            </rngdates>
          </timeinfo>
          <srccurr>publication date</srccurr>
        </srctime>
        <srccitea>Idaho BLM Historic Fires</srccitea>
        <srccontr>One of the wildfire datasets used to create this dataset. Wildfires from this dataset were used in Tier 3.</srccontr>
      </srcinfo>
      <srcinfo>
        <srccite>
          <citeinfo>
            <origin>Boise National Forest</origin>
            <pubdate>1998</pubdate>
            <title>Boise National Forest Fire Perimeters 1908-1996</title>
            <geoform>vector digital data</geoform>
            <othercit>Michelle Jeffries downloaded on 6/7/2021</othercit>
            <onlink>https://catalog.data.gov/dataset/historic-large-fires-for-boise-national-forest-idaho-for-1900-1997</onlink>
          </citeinfo>
        </srccite>
        <typesrc>Digital and/or Hardcopy</typesrc>
        <srctime>
          <timeinfo>
            <rngdates>
              <begdate>1908</begdate>
              <enddate>1996</enddate>
            </rngdates>
          </timeinfo>
          <srccurr>publication date</srccurr>
        </srctime>
        <srccitea>Boise National Forest Fire Perimeters 1908-1996</srccitea>
        <srccontr>One of the wildfire datasets used to create this dataset. Wildfires from this dataset were used in Tier 3.</srccontr>
      </srcinfo>
      <srcinfo>
        <srccite>
          <citeinfo>
            <origin>Crown of the Continent</origin>
            <pubdate>20160512</pubdate>
            <title>Crown of the Continent Fire Perimeters 1931-2013</title>
            <geoform>vector digital data</geoform>
            <othercit>Michelle Jeffries downloaded on 6/7/2021</othercit>
            <onlink>https://catalog.data.gov/dataset/fire-history-in-the-crown-of-the-continent23c3e</onlink>
          </citeinfo>
        </srccite>
        <typesrc>Digital and/or Hardcopy</typesrc>
        <srctime>
          <timeinfo>
            <rngdates>
              <begdate>1931</begdate>
              <enddate>2013</enddate>
            </rngdates>
          </timeinfo>
          <srccurr>publication date</srccurr>
        </srctime>
        <srccitea>Crown of the Continent Fires</srccitea>
        <srccontr>One of the wildfire datasets used to create this dataset. Wildfires from this dataset were used in Tier 3.</srccontr>
      </srcinfo>
      <srcinfo>
        <srccite>
          <citeinfo>
            <origin>U.S. Forest Service</origin>
            <pubdate>2020</pubdate>
            <title>Great Idaho Fire of 1910</title>
            <geoform>vector digital data</geoform>
            <othercit>No publication date or originator was included in the online PDF where this document is located. The publication date was listed as 2020 although this is incorrect. The originator is listed as USFS. The report was downloaded and digitized by Jessica Carnes on 20200520.</othercit>
            <onlink>https://www.fs.usda.gov/Internet/FSE_DOCUMENTS/stelprdb5444731.pdf</onlink>
          </citeinfo>
        </srccite>
        <typesrc>Digital and/or Hardcopy</typesrc>
        <srctime>
          <timeinfo>
            <sngdate>
              <caldate>1910</caldate>
            </sngdate>
          </timeinfo>
          <srccurr>publication date</srccurr>
        </srctime>
        <srccitea>Great Idaho Fire of 1910</srccitea>
        <srccontr>One of the wildfire datasets used to create this dataset. Wildfires from this dataset were used in Tier 3.</srccontr>
      </srcinfo>
      <srcinfo>
        <srccite>
          <citeinfo>
            <origin>Morley Nelson Snake River Birds of Prey National Conservation Area</origin>
            <pubdate>2021</pubdate>
            <title>Morley Nelson Snake River Birds of Prey National Conservation Area 2020 Fires</title>
            <geoform>vector digital data</geoform>
            <othercit>This dataset was sent to Justin Welty by the Idaho Army National Guard on 20210324. Data are not publicly accessible in their original format.</othercit>
          </citeinfo>
        </srccite>
        <typesrc>Digital and/or Hardcopy</typesrc>
        <srctime>
          <timeinfo>
            <sngdate>
              <caldate>2020</caldate>
            </sngdate>
          </timeinfo>
          <srccurr>publication date</srccurr>
        </srctime>
        <srccitea>Morley Nelson Snake River Birds of Prey National Conservation Area 2020 Fires</srccitea>
        <srccontr>One of the wildfire datasets used to create this dataset. Wildfires from this dataset were used in Tier 3.</srccontr>
      </srcinfo>
      <srcinfo>
        <srccite>
          <citeinfo>
            <origin>Morley Nelson Snake River Birds of Prey National Conservation Area</origin>
            <pubdate>2021</pubdate>
            <title>Morley Nelson Snake River Birds of Prey National Conservation Area Historic Fires 1956-2019</title>
            <geoform>vector digital data</geoform>
            <othercit>This dataset was sent to Justin Welty by the Idaho Army National Guard on 20210324. Data are not publicly accessible in their original format.</othercit>
          </citeinfo>
        </srccite>
        <typesrc>Digital and/or Hardcopy</typesrc>
        <srctime>
          <timeinfo>
            <rngdates>
              <begdate>1956</begdate>
              <enddate>2019</enddate>
            </rngdates>
          </timeinfo>
          <srccurr>publication date</srccurr>
        </srctime>
        <srccitea>Morley Nelson Snake River Birds of Prey National Conservation Area Historic Fires</srccitea>
        <srccontr>One of the wildfire datasets used to create this dataset. Wildfires from this dataset were used in Tier 3.</srccontr>
      </srcinfo>
      <srcinfo>
        <srccite>
          <citeinfo>
            <origin>Sky Island</origin>
            <pubdate>2020</pubdate>
            <title>Sky Island Fire Perimeters 1956-2019</title>
            <geoform>vector digital data</geoform>
            <othercit>Michelle Jeffries downloaded on 6/7/2021</othercit>
            <onlink>https://catalog.data.gov/dataset/mapped-fire-perimeters-from-the-sky-island-mountains-of-us-and-mexico-1985-2017</onlink>
          </citeinfo>
        </srccite>
        <typesrc>Digital and/or Hardcopy</typesrc>
        <srctime>
          <timeinfo>
            <rngdates>
              <begdate>1956</begdate>
              <enddate>2019</enddate>
            </rngdates>
          </timeinfo>
          <srccurr>publication date</srccurr>
        </srctime>
        <srccitea>Sky Island Fires</srccitea>
        <srccontr>One of the wildfire datasets used to create this dataset. Wildfires from this dataset were used in Tier 3.</srccontr>
      </srcinfo>
      <srcinfo>
        <srccite>
          <citeinfo>
            <origin>U.S. Forest Service</origin>
            <pubdate>2001</pubdate>
            <title>Tillamook Oregon 1918-1951 Select Fires</title>
            <geoform>vector digital data</geoform>
            <othercit>A Tillamook Burn PDF was sent to Justin Welty by Yanu Gallimore, BLM, on 20200909 containing 5 Tillamook area fires from 1918-1951.The fires were digitized by USGS Land Treatment Digital Library staff in October, 2020. The original PDF can be found here: https://www.fs.fed.us/database/feis/pdfs/other/83870_Hoadley_2001.pdf</othercit>
            <onlink>https://www.fs.fed.us/database/feis/pdfs/other/83870_Hoadley_2001.pdf</onlink>
          </citeinfo>
        </srccite>
        <typesrc>Digital and/or Hardcopy</typesrc>
        <srctime>
          <timeinfo>
            <rngdates>
              <begdate>1918</begdate>
              <enddate>1951</enddate>
            </rngdates>
          </timeinfo>
          <srccurr>publication date</srccurr>
        </srctime>
        <srccitea>Tillamook Oregon 1918-1951 Select Fires</srccitea>
        <srccontr>One of the wildfire datasets used to create this dataset. Wildfires from this dataset were used in Tier 3.</srccontr>
      </srcinfo>
      <srcinfo>
        <srccite>
          <citeinfo>
            <origin>United States Fish and Wildlife Service</origin>
            <pubdate>20200127</pubdate>
            <title>United States Fish and Wildlife Service Charles M Russell National Wildlife Refuge Fires 1980-2019 </title>
            <geoform>tabular digital data</geoform>
            <othercit>Michelle Jeffries downloaded on 6/7/2021</othercit>
            <onlink>https://catalog.data.gov/dataset/charles-m-russell-national-wildlife-refuge-fire-history-gis-feature-classes</onlink>
          </citeinfo>
        </srccite>
        <typesrc>Digital and/or Hardcopy</typesrc>
        <srctime>
          <timeinfo>
            <rngdates>
              <begdate>1980</begdate>
              <enddate>2019</enddate>
            </rngdates>
          </timeinfo>
          <srccurr>publication date</srccurr>
        </srctime>
        <srccitea>USFWS CMR Fires</srccitea>
        <srccontr>One of the wildfire datasets used to create this dataset. Wildfires from this dataset were used in Tier 3.</srccontr>
      </srcinfo>
      <srcinfo>
        <srccite>
          <citeinfo>
            <origin>Todd Sutherland</origin>
            <pubdate>20200127</pubdate>
            <title>United States Fish and Wildlife Service Charles M Russel National Wildlife Refuge Fires 1980-2017</title>
            <geoform>tabular digital data</geoform>
            <othercit>Michelle Jeffries downloaded on 6/7/202Michelle Jeffries downloaded on 6/7/20211</othercit>
            <onlink>https://catalog.data.gov/dataset/charles-m-russell-national-wildlife-refuge-fire-history-gis-feature-classes</onlink>
          </citeinfo>
        </srccite>
        <typesrc>Digital and/or Hardcopy</typesrc>
        <srctime>
          <timeinfo>
            <rngdates>
              <begdate>1980</begdate>
              <enddate>2017</enddate>
            </rngdates>
          </timeinfo>
          <srccurr>publication date</srccurr>
        </srctime>
        <srccitea>USFWS CMR Revised Fires</srccitea>
        <srccontr>One of the wildfire datasets used to create this dataset. Wildfires from this dataset were used in Tier 3.</srccontr>
      </srcinfo>
      <srcinfo>
        <srccite>
          <citeinfo>
            <origin>GeoMac</origin>
            <pubdate>2020</pubdate>
            <title>GeoMac Annual Perimeters 2000-2019</title>
            <geoform>vector digital data</geoform>
            <othercit>Michelle Jeffries downloaded on 6/7/2021</othercit>
            <onlink>https://rmgsc.cr.usgs.gov/outgoing/GeoMAC/historic_fire_data</onlink>
          </citeinfo>
        </srccite>
        <typesrc>Digital and/or Hardcopy</typesrc>
        <srctime>
          <timeinfo>
            <rngdates>
              <begdate>2000</begdate>
              <enddate>2019</enddate>
            </rngdates>
          </timeinfo>
          <srccurr>publication date</srccurr>
        </srctime>
        <srccitea>GeoMac Annual Perimeters 2000-2019</srccitea>
        <srccontr>One of the wildfire datasets used to create this dataset. Wildfires from this dataset were the only ones used in Tier 4.</srccontr>
      </srcinfo>
      <srcinfo>
        <srccite>
          <citeinfo>
            <origin>Land Treatment Digital Library  </origin>
            <pubdate>20210628</pubdate>
            <title>Land Treatment Digital Library Wildfire Perimeters 1941-2020</title>
            <geoform>vector digital data</geoform>
            <othercit>Michelle Jeffries downloaded on 20210628</othercit>
            <onlink>https://www.sciencebase.gov/catalog/item/60b13783d34e86b9387e2010</onlink>
          </citeinfo>
        </srccite>
        <typesrc>Digital and/or Hardcopy</typesrc>
        <srctime>
          <timeinfo>
            <rngdates>
              <begdate>1941</begdate>
              <enddate>2020</enddate>
            </rngdates>
          </timeinfo>
          <srccurr>publication date</srccurr>
        </srctime>
        <srccitea>LTDL Wildfires</srccitea>
        <srccontr>One of the wildfire datasets used to create this dataset. Wildfires from this dataset were the only ones used in Tier 5.</srccontr>
      </srcinfo>
      <srcinfo>
        <srccite>
          <citeinfo>
            <origin>State of California</origin>
            <pubdate>202104</pubdate>
            <title>California Prescribed Fires 1900-2020</title>
            <geoform>vector digital data</geoform>
            <othercit>Michelle Jeffries downloaded on 6/7/2021</othercit>
            <onlink>https://frap.fire.ca.gov/mapping/gis-data/</onlink>
          </citeinfo>
        </srccite>
        <typesrc>Digital and/or Hardcopy</typesrc>
        <srctime>
          <timeinfo>
            <rngdates>
              <begdate>1900</begdate>
              <enddate>2020</enddate>
            </rngdates>
          </timeinfo>
          <srccurr>publication date</srccurr>
        </srctime>
        <srccitea>California Prescribed Fires</srccitea>
        <srccontr>One of the wildfire datasets used to create this dataset. Prescribed fires from this dataset were used in Tier 7.</srccontr>
      </srcinfo>
      <srcinfo>
        <srccite>
          <citeinfo>
            <origin>Land Treatment Digital Library</origin>
            <pubdate>20210628</pubdate>
            <title>Land Treatment Digital Library Prescribed Fires 1944-2019</title>
            <geoform>vector digital data</geoform>
            <othercit>Michelle Jeffries downloaded on 20210628</othercit>
            <onlink>https://www.sciencebase.gov/catalog/item/60b13783d34e86b9387e2010</onlink>
          </citeinfo>
        </srccite>
        <typesrc>Digital and/or Hardcopy</typesrc>
        <srctime>
          <timeinfo>
            <rngdates>
              <begdate>1944</begdate>
              <enddate>2019</enddate>
            </rngdates>
          </timeinfo>
          <srccurr>publication date</srccurr>
        </srctime>
        <srccitea>LTDL Prescribed Fires</srccitea>
        <srccontr>One of the wildfire datasets used to create this dataset. Prescribed fires from this dataset were used in Tier 7.</srccontr>
      </srcinfo>
      <srcinfo>
        <srccite>
          <citeinfo>
            <origin>Bureau of Land Management</origin>
            <pubdate>20210604</pubdate>
            <title>Bureau of Land Management Vegetation Treatment Prescribed Fires 1951-2020</title>
            <geoform>vector digital data</geoform>
            <othercit>BLM VTRT data were sent to Michelle Jeffries be Tenille Leonard, BLM, on 20210621. They are available upon request only and no link exists to the data. </othercit>
          </citeinfo>
        </srccite>
        <typesrc>Digital and/or Hardcopy</typesrc>
        <srctime>
          <timeinfo>
            <rngdates>
              <begdate>1951</begdate>
              <enddate>2020</enddate>
            </rngdates>
          </timeinfo>
          <srccurr>publication date</srccurr>
        </srctime>
        <srccitea>BLM VTRT Prescribed Fires</srccitea>
        <srccontr>One of the wildfire datasets used to create this dataset. Prescribed fires from this dataset were in the last tier, Tier 8 because they had no reported acre values..</srccontr>
      </srcinfo>
      <srcinfo>
        <srccite>
          <citeinfo>
            <origin>National Fire Plan Operations and Reporting System Prescribed Fires</origin>
            <pubdate>2021</pubdate>
            <title>National Fire Plan Operations and Reporting System Prescribed Fires </title>
            <geoform>vector digital data</geoform>
            <othercit>Michelle Jeffries downloaded on 20210714</othercit>
            <onlink>ttps://usgs.nfpors.gov/arcgis/rest/services/nfpors_extract/FeatureServer</onlink>
          </citeinfo>
        </srccite>
        <typesrc>Digital and/or Hardcopy</typesrc>
        <srctime>
          <timeinfo>
            <rngdates>
              <begdate>2001</begdate>
              <enddate>2020</enddate>
            </rngdates>
          </timeinfo>
          <srccurr>publication date</srccurr>
        </srctime>
        <srccitea>NFPORS Prescribed Fires</srccitea>
        <srccontr>One of the wildfire datasets used to create this dataset. Prescribed fires from this dataset were used in Tier 7.</srccontr>
      </srcinfo>
      <srcinfo>
        <srccite>
          <citeinfo>
            <origin>State of Oregon</origin>
            <pubdate>20210524</pubdate>
            <title>Oregon Pre-1850 Fires</title>
            <geoform>vector digital data</geoform>
            <othercit>Michelle Jeffries downloaded on 20210607</othercit>
            <onlink>https://navigator.blm.gov/data?id=ae8fe69ea1c7dfc7</onlink>
          </citeinfo>
        </srccite>
        <typesrc>Digital and/or Hardcopy</typesrc>
        <srctime>
          <timeinfo>
            <sngdate>
              <caldate>1850</caldate>
            </sngdate>
          </timeinfo>
          <srccurr>publication date</srccurr>
        </srctime>
        <srccitea>Oregon Pre-1850 Fires</srccitea>
        <srccontr>No actual years were indicated for any fires within this dataset, rather it was all fires that occurred before 1850. It was merged into the larger dataset, but no tiers were set and this dataset were not included in the combined dataset.</srccontr>
      </srcinfo>
      <srcinfo>
        <srccite>
          <citeinfo>
            <origin>State of Oregon</origin>
            <pubdate>20210524</pubdate>
            <title>Oregon 1850-1890 Fires</title>
            <geoform>vector digital data</geoform>
            <othercit>Michelle Jeffries downloaded on 20210607</othercit>
            <onlink>https://navigator.blm.gov/data?id=ae8fe69ea1c7dfc7</onlink>
          </citeinfo>
        </srccite>
        <typesrc>Digital and/or Hardcopy</typesrc>
        <srctime>
          <timeinfo>
            <rngdates>
              <begdate>1850</begdate>
              <enddate>1890</enddate>
            </rngdates>
          </timeinfo>
          <srccurr>publication date</srccurr>
        </srctime>
        <srccitea>Oregon 1850-1890 Fires</srccitea>
        <srccontr>No actual years were indicated for any fires within this dataset. It was merged, but no tiers were set and this dataset were not included in the combined dataset.</srccontr>
      </srcinfo>
      <srcinfo>
        <srccite>
          <citeinfo>
            <origin>State of Oregon</origin>
            <pubdate>20210524</pubdate>
            <title>Oregon 1890-1920 Fires</title>
            <geoform>vector digital data</geoform>
            <othercit>Michelle Jeffries downloaded on 20210607</othercit>
            <onlink>https://navigator.blm.gov/data?id=ae8fe69ea1c7dfc7</onlink>
          </citeinfo>
        </srccite>
        <typesrc>Digital and/or Hardcopy</typesrc>
        <srctime>
          <timeinfo>
            <rngdates>
              <begdate>1890</begdate>
              <enddate>1920</enddate>
            </rngdates>
          </timeinfo>
          <srccurr>publication date</srccurr>
        </srctime>
        <srccitea>Oregon 1890-1920 Fires</srccitea>
        <srccontr>No actual years were indicated for any fires within this dataset. It was merged, but no tiers were set and this dataset were not included in the combined dataset.</srccontr>
      </srcinfo>
      <srcinfo>
        <srccite>
          <citeinfo>
            <origin>State of Oregon</origin>
            <pubdate>20210524</pubdate>
            <title>Oregon 1920-1940 Fires</title>
            <geoform>vector digital data</geoform>
            <othercit>Michelle Jeffries downloaded on 20210607</othercit>
            <onlink>https://navigator.blm.gov/data?id=ae8fe69ea1c7dfc7</onlink>
          </citeinfo>
        </srccite>
        <typesrc>Digital and/or Hardcopy</typesrc>
        <srctime>
          <timeinfo>
            <rngdates>
              <begdate>1920</begdate>
              <enddate>1940</enddate>
            </rngdates>
          </timeinfo>
          <srccurr>publication date</srccurr>
        </srctime>
        <srccitea>Oregon 1920-1940 Fires</srccitea>
        <srccontr>No actual years were indicated for any fires within this dataset. It was merged, but no tiers were set and this dataset were not included in the combined dataset.</srccontr>
      </srcinfo>
      <procstep>
        <procdesc>Please see the polygon dataset for detailed step by step information on the polygon creation process. To create the combined wildland fire polygon dataset, original fire data from multiple web sites were downloaded, cleaned, and edited to include a common set of fire attributes. These fires were merged and dissolved in a specific order to create one fire polygon per area and year. Attributes from the original fire datasets were associated with these new combined, dissolved polygons. The polygons were inspected for errors to ensure duplicates did not exist and attributes such as fire dates fell within the fire year indicated.</procdesc>
        <srcused>NIFC Interagency Fire Perimeter</srcused>
        <srcused>MTBS</srcused>
        <srcused>BLM Wildfires</srcused>
        <srcused>GeoMac 2020</srcused>
        <srcused>GeoMac Historic Perimeters</srcused>
        <srcused>NIFC Public NIFS</srcused>
        <srcused>NIFC Wildland Perimeters</srcused>
        <srcused>NPS Wildland Fires</srcused>
        <srcused>USFS Wildfires</srcused>
        <srcused>USFS Southwest Region Fires</srcused>
        <srcused>USFS Northern Rockies Region Fires</srcused>
        <srcused>WFDSS Interagency Fire Perimeters</srcused>
        <srcused>Alaska Fire Perimeters 1940-2020</srcused>
        <srcused>Nevada BLM Fire Perimeters</srcused>
        <srcused>Oregon BLM Fire Perimeters</srcused>
        <srcused>California Fire Perimeters</srcused>
        <srcused>Utah Fire Perimeters</srcused>
        <srcused>Washington State Large Fires</srcused>
        <srcused>New York Adirondack 1903 Wildfire Complex</srcused>
        <srcused>Idaho BLM 2020 Fires</srcused>
        <srcused>Idaho BLM Historic Fires</srcused>
        <srcused>Boise National Forest Fire Perimeters 1908-1996</srcused>
        <srcused>Crown of the Continent Fires</srcused>
        <srcused>Great Idaho Fire of 1910</srcused>
        <srcused>Morley Nelson Snake River Birds of Prey National Conservation Area 2020 Fires</srcused>
        <srcused>Morley Nelson Snake River Birds of Prey National Conservation Area Historic Fires</srcused>
        <srcused>Sky Island Fires</srcused>
        <srcused>Tillamook Oregon 1918-1951 Select Fires</srcused>
        <srcused>USFWS CMR Fires</srcused>
        <srcused>USFWS CMR Revised Fires</srcused>
        <srcused>GeoMac Annual Perimeters 2000-2019</srcused>
        <srcused>LTDL Wildfires</srcused>
        <srcused>California Prescribed Fires</srcused>
        <srcused>LTDL Prescribed Fires</srcused>
        <srcused>BLM VTRT Prescribed Fires</srcused>
        <srcused>NFPORS Prescribed Fires</srcused>
        <srcused>Oregon Pre-1850 Fires</srcused>
        <srcused>Oregon 1850-1890 Fires</srcused>
        <srcused>Oregon 1890-1920 Fires</srcused>
        <srcused>Oregon 1920-1940 Fires</srcused>
        <procdate>202106</procdate>
        <srcprod>USGS_Wildland_Fire_Merged_Dataset</srcprod>
        <srcprod>Combined wildland fire polygons</srcprod>
      </procstep>
      <procstep>
        <procdesc>We created 3 different datasets representing all fires, all wildfires, and all prescribed fires by selecting all fires, anything containing "wildfire" in the Assigned_Fire_Type" field and anything containing "prescribed" in the Assigned_Fire_Type" field, respectively. Using the GIS Clipping and Summarization Toolbox (Welty et al. 2021), we ran the Calculate Frequency Raster from a Single Polygon Feature Class using a 30m LANDFIRE Environmental Site Potential layer as the template raster (for projection, cell size, and snapping settings) on each of these exported datasets to create the count of all fires, count of wildfires, and count of prescribed fire rasters.</procdesc>
        <srcused>Combined wildland fire polygons</srcused>
        <procdate>202109</procdate>
      </procstep>
      <procstep>
        <procdesc>For the wildfire subset we also created rasters representing the first year a pixel burned in a wildfire and the last year a pixel burned in the wildfire. These were both created using ArcGIS Pro's Polygon to Raster tool. The "Fire_Year" field was selected in both cases and the 30m LANDFIRE Environmental Site Potential layer was selected as the template raster (for projection, cell size, and snapping settings). To create the most recent year burned, the Fire_Year attribute was selected as the priority field. When overlapping polygons occur, the priority field uses the highest number to determine the value. For the first year burned, the wildfire subset was sorted by Fire_Year descending. A new field was added and calculated so that the field values went in numerical order from 1 to 99,261 where low numbers represented values in 2020 and high number represented values in the 1800s. The Polygon to Raster tool was run again on the wildfire subset only this time the priority field was set to this newly calculated field so that the first year a fire burned took priority.</procdesc>
        <srcused>Combined wildland fire polygons</srcused>
        <procdate>202109</procdate>
      </procstep>
    </lineage>
  </dataqual>
  <spdoinfo>
    <direct>Raster</direct>
    <rastinfo>
      <rasttype>Grid Cell</rasttype>
      <rowcount>272135</rowcount>
      <colcount>318424</colcount>
      <vrtcount>1</vrtcount>
    </rastinfo>
  </spdoinfo>
  <spref>
    <horizsys>
      <planar>
        <mapproj>
          <mapprojn>Albers Conical Equal Area</mapprojn>
          <albers>
            <stdparll>20.0</stdparll>
            <stdparll>60.0</stdparll>
            <longcm>-96.0</longcm>
            <latprjo>40.0</latprjo>
            <feast>0.0</feast>
            <fnorth>0.0</fnorth>
          </albers>
        </mapproj>
        <planci>
          <plance>row and column</plance>
          <coordrep>
            <absres>30.0</absres>
            <ordres>30.0</ordres>
          </coordrep>
          <plandu>meters</plandu>
        </planci>
      </planar>
      <geodetic>
        <horizdn>North_American_Datum_1983</horizdn>
        <ellips>GRS 1980</ellips>
        <semiaxis>6378137.0</semiaxis>
        <denflat>298.2572221010042</denflat>
      </geodetic>
    </horizsys>
  </spref>
  <eainfo>
    <detailed>
      <enttyp>
        <enttypl>USGS_Wildland_Fire_Frequency_Raster.csv</enttypl>
        <enttypd>Comma Separated Value (CSV) file containing attribute data from USGS_Wildland_Fire_Frequency_Raster raster.</enttypd>
        <enttypds>Producer Defined</enttypds>
      </enttyp>
      <attr>
        <attrlabl>OID</attrlabl>
        <attrdef>Unique identifier</attrdef>
        <attrdefs>Producer Defined</attrdefs>
        <attrdomv>
          <udom>Numeric</udom>
        </attrdomv>
      </attr>
      <attr>
        <attrlabl>Value</attrlabl>
        <attrdef>The number of times a pixel has burned in either a prescribed fire or wildfire</attrdef>
        <attrdefs>Producer Defined</attrdefs>
        <attrdomv>
          <rdom>
            <rdommin>1</rdommin>
            <rdommax>24</rdommax>
            <attrunit>Count</attrunit>
          </rdom>
        </attrdomv>
      </attr>
      <attr>
        <attrlabl>Count</attrlabl>
        <attrdef>The number of pixels associated with the number of times a pixel has burned in either a prescribed fire or wildfire.</attrdef>
        <attrdefs>Producer Defined</attrdefs>
        <attrdomv>
          <rdom>
            <rdommin>6</rdommin>
            <rdommax>710828043</rdommax>
            <attrunit>Pixel</attrunit>
          </rdom>
        </attrdomv>
      </attr>
    </detailed>
    <detailed>
      <enttyp>
        <enttypl>USGS_Wildfire_Frequency_Raster.csv</enttypl>
        <enttypd>Comma Separated Value (CSV) file containing attribute data from USGS_Wildfire_Frequency_Raster raster.</enttypd>
        <enttypds>Producer Defined</enttypds>
      </enttyp>
      <attr>
        <attrlabl>OID</attrlabl>
        <attrdef>Unique identifier</attrdef>
        <attrdefs>Producer Defined</attrdefs>
        <attrdomv>
          <udom>Numeric</udom>
        </attrdomv>
      </attr>
      <attr>
        <attrlabl>Value</attrlabl>
        <attrdef>The number of times a pixel has burned in either a wildfire</attrdef>
        <attrdefs>Producer Defined</attrdefs>
        <attrdomv>
          <rdom>
            <rdommin>1</rdommin>
            <rdommax>15</rdommax>
            <attrunit>Count</attrunit>
          </rdom>
        </attrdomv>
      </attr>
      <attr>
        <attrlabl>Count</attrlabl>
        <attrdef>The number of pixels associated with the number of times a pixel has burned in a wildfire.</attrdef>
        <attrdefs>Producer Defined</attrdefs>
        <attrdomv>
          <rdom>
            <rdommin>17</rdommin>
            <rdommax>677206180</rdommax>
            <attrunit>Pixel</attrunit>
          </rdom>
        </attrdomv>
      </attr>
    </detailed>
    <detailed>
      <enttyp>
        <enttypl>USGS_Prescribed_Burn_Frequency_Raster.csv</enttypl>
        <enttypd>Comma Separated Value (CSV) file containing attribute data from USGS_Prescribed_Burn_Frequency_Raster raster.</enttypd>
        <enttypds>Producer Defined</enttypds>
      </enttyp>
      <attr>
        <attrlabl>OID</attrlabl>
        <attrdef>Unique identifier</attrdef>
        <attrdefs>Producer Defined</attrdefs>
        <attrdomv>
          <udom>Numeric</udom>
        </attrdomv>
      </attr>
      <attr>
        <attrlabl>Value</attrlabl>
        <attrdef>The number of times a pixel has burned in either a prescribed fire</attrdef>
        <attrdefs>Producer Defined</attrdefs>
        <attrdomv>
          <rdom>
            <rdommin>1</rdommin>
            <rdommax>19</rdommax>
            <attrunit>Count</attrunit>
          </rdom>
        </attrdomv>
      </attr>
      <attr>
        <attrlabl>Count</attrlabl>
        <attrdef>The number of pixels associated with the number of times a pixel has burned in a prescribed fire.</attrdef>
        <attrdefs>Producer Defined</attrdefs>
        <attrdomv>
          <rdom>
            <rdommin>1</rdommin>
            <rdommax>62558465</rdommax>
            <attrunit>Pixel</attrunit>
          </rdom>
        </attrdomv>
      </attr>
    </detailed>
    <detailed>
      <enttyp>
        <enttypl>USGS_Wildfires_First_Year_Burned_Raster.csv</enttypl>
        <enttypd>Comma Separated Value (CSV) file containing attribute data from USGS_Wildfires_First_Year_Burned raster.</enttypd>
        <enttypds>Producer Defined</enttypds>
      </enttyp>
      <attr>
        <attrlabl>OID</attrlabl>
        <attrdef>Unique identifier</attrdef>
        <attrdefs>Producer Defined</attrdefs>
        <attrdomv>
          <udom>Numeric</udom>
        </attrdomv>
      </attr>
      <attr>
        <attrlabl>Value</attrlabl>
        <attrdef>The first year there is a recorded wildfire in this dataset intersecting this pixel</attrdef>
        <attrdefs>Producer Defined</attrdefs>
        <attrdomv>
          <rdom>
            <rdommin>1835</rdommin>
            <rdommax>2020</rdommax>
            <attrunit>Calendar year</attrunit>
          </rdom>
        </attrdomv>
      </attr>
      <attr>
        <attrlabl>Count</attrlabl>
        <attrdef>The number of pixels associated with each first year burned value</attrdef>
        <attrdefs>Producer Defined</attrdefs>
        <attrdomv>
          <rdom>
            <rdommin>1900</rdommin>
            <rdommax>31486601</rdommax>
            <attrunit>Pixel</attrunit>
          </rdom>
        </attrdomv>
      </attr>
    </detailed>
    <detailed>
      <enttyp>
        <enttypl>USGS_Wildfires_Most_Recent_Year_Burned_Raster.csv</enttypl>
        <enttypd>Comma Separated Value (CSV) file containing attribute data from USGS_Wildfire_Most_Recent_Year_Burned raster..</enttypd>
        <enttypds>Producer Defined</enttypds>
      </enttyp>
      <attr>
        <attrlabl>OID</attrlabl>
        <attrdef>Unique identifier</attrdef>
        <attrdefs>Producer Defined</attrdefs>
        <attrdomv>
          <udom>Numeric</udom>
        </attrdomv>
      </attr>
      <attr>
        <attrlabl>Value</attrlabl>
        <attrdef>The most recent year, through 2020, there is a recorded wildfire in this dataset intersecting this pixel</attrdef>
        <attrdefs>Producer Defined</attrdefs>
        <attrdomv>
          <rdom>
            <rdommin>1835</rdommin>
            <rdommax>2020</rdommax>
            <attrunit>Calendar year</attrunit>
          </rdom>
        </attrdomv>
      </attr>
      <attr>
        <attrlabl>Count</attrlabl>
        <attrdef>The number of pixels associated with each most recent year burned value</attrdef>
        <attrdefs>Producer Defined</attrdefs>
        <attrdomv>
          <rdom>
            <rdommin>797</rdommin>
            <rdommax>43410165</rdommax>
            <attrunit>Pixel</attrunit>
          </rdom>
        </attrdomv>
      </attr>
    </detailed>
  </eainfo>
  <distinfo>
    <distrib>
      <cntinfo>
        <cntperp>
          <cntper>GS ScienceBase</cntper>
          <cntorg>U.S. Geological Survey</cntorg>
        </cntperp>
        <cntaddr>
          <addrtype>mailing address</addrtype>
          <address>Denver Federal Center, Building 810, Mail Stop 302</address>
          <city>Denver</city>
          <state>CO</state>
          <postal>80225</postal>
          <country>United States</country>
        </cntaddr>
        <cntvoice>1-888-275-8747</cntvoice>
        <cntemail>sciencebase@usgs.gov</cntemail>
      </cntinfo>
    </distrib>
    <distliab>Unless otherwise stated, all data, metadata and related materials are considered to satisfy the quality standards relative to the purpose for which the data were collected. Although these data and associated metadata have been reviewed for accuracy and completeness and approved for release by the U.S. Geological Survey (USGS), no warranty expressed or implied is made regarding the display or utility of the data on any other system or for general or scientific purposes, nor shall the act of distribution constitute any such warranty. Any use of trade, product, or firm names is for descriptive purposes only and does not imply endorsement by the U.S. Government.</distliab>
    <stdorder>
      <digform>
        <digtinfo>
          <formname>.tif, .gdb</formname>
        </digtinfo>
        <digtopt>
          <onlinopt>
            <computer>
              <networka>
                <networkr>https://doi.org/10.5066/P9ZXGFY3</networkr>
              </networka>
            </computer>
          </onlinopt>
        </digtopt>
      </digform>
      <fees>None</fees>
    </stdorder>
  </distinfo>
  <metainfo>
    <metd>202109</metd>
    <metc>
      <cntinfo>
        <cntperp>
          <cntper>FRESC Science Data Coordinator</cntper>
          <cntorg>U.S. Geological Survey, Forest and Rangeland Ecosystem Science Center</cntorg>
        </cntperp>
        <cntaddr>
          <addrtype>mailing and physical</addrtype>
          <address>777 NW 9th Street, Suite 400</address>
          <city>Corvallis</city>
          <state>OR</state>
          <postal>97330</postal>
        </cntaddr>
        <cntvoice>(541) 750-1030</cntvoice>
        <cntemail>fresc_outreach@usgs.gov</cntemail>
      </cntinfo>
    </metc>
    <metstdn>FGDC Biological Data Profile of the Content Standard for Digital Geospatial Metadata</metstdn>
    <metstdv>FGDC-STD-001.1-1999</metstdv>
  </metainfo>
</metadata>